Jessica,209
Jessica,481
Mary,917
Mary,714
Jessica,9
John,725
Jessica,91
Jessica,103
Mel,406
Mary,505
Mel,553
John,332
John,630
John,370
Mel,222
Bob,572
Mary,131
John,862
Mel,691
Jessica,739
Jessica,724
Jessica,320
Mel,354
Jessica,101
John,147
Mary,108
John,177
Bob,105
John,713
Mel,327
Mel,175
Mel,212
Bob,246
Jessica,569
Mel,899
Jessica,586
John,619
John,784
Mary,443
Jessica,461
Mary,44
Mary,548
Jessica,956
Mary,536
Bob,861
John,857
Jessica,668
Jessica,79
Jessica,881
Mel,859
Bob,117
Mary,909
Bob,439
John,407
Jessica,567
Bob,427
John,863
John,738
Jessica,966
Mary,953
Jessica,514
Jessica,778
Mel,289
Mary,525
Mel,922
Bob,37
Mary,88
Mel,371
Bob,981
John,341
Jessica,153
John,773
Bob,223
Mary,94
Bob,185
Mary,493
Mary,633
Bob,740
Mel,640
Mel,862
Jessica,882
Bob,680
Bob,371
Jessica,153
John,472
Mel,227
John,939
John,929
Bob,341
Mary,701
Mary,42
John,441
Mel,129
John,452
Bob,687
Mel,826
Mary,460
Mary,79
Mel,374
Mel,592
Bob,322
Jessica,92
John,688
Mary,747
John,361
Bob,99
Mel,389
Bob,95
Mel,288
Bob,618
Bob,238
Jessica,957
Mel,600
John,218
Bob,79
John,174
Bob,178
Mel,264
Mary,468
Jessica,260
Mary,553
Mary,342
Mary,120
John,585
John,931
Mary,294
Bob,806
John,253
Bob,111
Mel,452
Mel,838
Bob,771
Mel,611
Mary,296
Mel,245
Mel,594
John,338
Mel,627
Mary,284
Mel,139
Mel,720
John,308
Mel,738
John,277
Mel,698
Mel,876
Mel,604
John,576
Jessica,657
Bob,459
Mel,186
Mel,387
Bob,32
Bob,924
Mary,757
Bob,789
Mel,472
Jessica,53
Mel,808
Bob,577
John,180
Mary,651
John,909
Bob,925
Jessica,431
Jessica,176
Jessica,574
Bob,755
Jessica,861
Bob,375
Jessica,216
Mel,196
Bob,930
John,209
Mary,223
Jessica,506
John,274
John,554
Mel,359
Mel,21
Mel,739
Mel,187
Jessica,242
Bob,776
Mary,51
John,688
Mary,348
John,556
Mel,630
Jessica,720
John,324
Bob,194
Jessica,764
Jessica,180
Mary,731
Mel,628
Jessica,87
Jessica,122
John,364
John,732
Mary,355
Mary,316
John,379
Mary,118
Jessica,398
Bob,941
Jessica,564
Mel,260
Mary,76
John,675
John,497
Mel,495
Mel,344
Mary,716
Mary,684
John,632
Jessica,784
Jessica,930
Jessica,88
Mel,140
Mary,23
Bob,817
Mary,644
Bob,176
Mary,963
John,994
Mel,379
Jessica,408
John,15
Bob,305
Mel,121
Bob,505
John,640
Mel,737
Mel,496
Mel,241
Jessica,908
Jessica,176
Mary,267
Mel,711
Jessica,669
Mel,245
Jessica,597
John,178
Jessica,833
Mary,270
Jessica,355
Jessica,987
John,108
Mel,116
Jessica,916
John,830
Jessica,476
Mary,325
Bob,209
Bob,712
Mel,826
Jessica,843
Jessica,725
Mel,370
Bob,595
Jessica,621
Bob,844
Jessica,825
Jessica,723
Mel,512
Bob,185
Jessica,705
John,106
Mary,286
Bob,748
John,129
Mel,133
Bob,625
Mary,902
Mary,211
John,629
Mary,243
Mel,962
Bob,754
Bob,851
Jessica,466
Bob,785
Jessica,231
Mel,368
Jessica,237
Mel,969
Mel,12
Bob,786
Mary,365
Bob,51
John,931
Bob,588
Mary,543
John,628
John,362
Bob,333
Jessica,746
John,911
Jessica,507
Jessica,41
Bob,769
John,625
Jessica,397
Bob,916
Jessica,231
Mel,242
John,976
Mary,765
Bob,946
Mel,976
Mel,730
Jessica,251
Mel,823
John,396
Jessica,641
Mel,427
Mel,680
John,102
Mel,732
Bob,837
Jessica,373
Bob,405
John,805
Mary,139
John,127
Mel,310
Mary,333
Bob,622
John,607
John,77
John,252
Mel,364
John,20
Jessica,625
Mary,345
John,586
Mel,924
Mary,489
Jessica,892
John,86
Jessica,647
Jessica,65
Jessica,607
Bob,161
Jessica,706
Bob,545
Mary,943
John,289
Jessica,447
Bob,198
Mel,675
John,124
John,25
Mary,619
Mel,633
Mel,362
Mel,720
Mary,327
Jessica,288
John,860
Jessica,446
Mary,535
John,601
Bob,865
Jessica,524
Bob,733
Mary,447
Jessica,88
Jessica,281
Jessica,680
John,473
Jessica,815
Jessica,17
Mary,508
Bob,615
Mel,344
Jessica,577
Bob,43
John,890
Bob,886
Bob,567
Mary,352
Mel,427
John,72
Jessica,750
Mel,774
John,599
John,77
Jessica,269
Jessica,602
Jessica,595
Bob,834
Bob,428
Bob,584
Bob,896
Mel,817
Mary,32
Bob,9
Mel,612
Jessica,757
Jessica,207
Mel,369
Jessica,639
Bob,428
Jessica,348
Bob,552
Mary,130
Mel,471
Bob,248
Mary,843
Bob,134
Mary,725
John,383
Mel,606
John,431
Mary,406
Mary,450
Bob,607
Mel,339
Mary,371
Bob,384
Bob,929
Mel,991
John,31
John,518
Bob,822
Mary,187
John,703
Jessica,701
John,529
Mel,89
Bob,16
Mary,990
Mary,613
Mel,115
Mary,881
John,560
John,1
Mary,382
Bob,852
Mel,171
Mel,50
Bob,216
Jessica,831
John,44
Bob,580
Mel,381
Mary,449
Mel,100
Bob,555
Mel,513
Bob,501
John,348
John,831
Mel,996
Mary,414
Mary,523
Mary,597
John,613
Bob,174
John,996
Mary,557
John,840
Jessica,511
Mary,305
Mel,934
Bob,643
Mary,818
Mel,275
John,20
Mary,726
Mel,730
Mel,120
Mel,659
Mel,838
John,126
Jessica,259
Bob,811
Mary,356
John,547
Jessica,713
Mary,973
Mary,605
Mary,754
Mel,59
Jessica,28
Mel,602
Bob,833
Jessica,247
Bob,507
Mary,801
Mary,873
Mary,921
Bob,359
John,600
Bob,815
Mel,671
Jessica,273
Bob,880
Jessica,170
Mel,190
John,718
Mel,273
Mary,175
Bob,71
John,456
Jessica,935
Bob,670
Bob,388
Jessica,549
Mary,991
Mary,315
Bob,279
Mel,206
John,827
Mel,703
John,654
Mary,906
Jessica,660
Mary,84
Mel,188
John,266
John,193
Mel,627
Jessica,57
Bob,690
Jessica,259
John,998
Mary,565
Bob,406
John,280
Mary,657
Bob,861
John,576
John,66
Bob,225
Bob,321
Mel,889
John,331
John,289
Jessica,266
Bob,917
Mary,520
Bob,140
Mary,791
Bob,89
Mel,589
Mel,13
Mel,878
Bob,136
Mary,645
Mel,179
Mary,832
John,48
Bob,234
Jessica,228
Mel,643
Bob,521
Bob,373
Mel,292
Mel,971
Mary,199
Bob,771
Bob,337
John,545
John,229
Mary,661
Mel,505
John,7
Mel,501
Jessica,96
Mary,749
Jessica,408
John,792
Mel,694
Mel,496
Mel,462
Jessica,532
Jessica,725
Jessica,378
John,980
John,457
Bob,30
Mary,985
Bob,278
Mary,766
John,564
Mel,607
Mary,329
Jessica,192
John,201
Jessica,262
Bob,719
John,48
Mel,834
Mary,116
Mel,224
Mel,573
Jessica,410
Jessica,112
Bob,114
John,381
John,981
Mel,595
Mel,100
Mel,483
John,514
Mary,106
Jessica,776
Mel,644
John,698
Bob,680
John,200
Jessica,973
Mary,397
Jessica,876
Mel,926
Bob,611
Mel,959
Mel,291
Jessica,102
Mary,968
Bob,650
Mel,231
Bob,467
Bob,831
Jessica,289
John,982
Mel,179
Bob,556
Bob,144
Bob,586
Mel,578
Mary,166
Bob,372
Jessica,130
Jessica,39
Jessica,731
Jessica,469
Mary,3
Mel,426
John,136
John,428
Mel,239
Jessica,293
Bob,300
Bob,512
Mary,685
John,233
Mel,359
John,939
John,696
Bob,780
Bob,570
Mel,60
John,696
Mel,255
Jessica,508
John,856
Mel,615
John,91
Mel,180
Bob,342
Mel,482
Mary,442
Jessica,138
John,86
Mary,75
Jessica,326
Mary,389
Mel,120
Jessica,275
Bob,405
Jessica,154
Mel,387
John,745
John,602
Mary,222
Mel,732
John,792
John,326
Mary,578
Mary,916
Bob,859
Jessica,154
Mel,990
Mel,316
Mel,564
Bob,581
Mel,854
John,349
Bob,268
Bob,151
John,6
Bob,724
Bob,175
Jessica,275
Mel,729
Jessica,248
Mel,978
Jessica,854
John,619
Bob,409
John,362
Mary,978
Mary,77
John,946
John,741
John,486
Jessica,28
Mel,921
John,917
John,364
Mel,448
Mary,713
Mel,800
Bob,13
Mary,954
John,29
John,783
Jessica,366
Bob,566
Bob,458
Mel,85
Mel,930
Mary,496
Mel,19
Mel,424
John,678
Mary,588
Jessica,361
Bob,373
Jessica,376
Jessica,953
Mel,893
Jessica,719
Bob,54
Bob,443
Mary,86
Jessica,613
John,396
John,538
Bob,296
Mary,83
Bob,223
Bob,583
Mel,345
John,304
Mary,312
Bob,878
Bob,241
Mel,418
John,992
Bob,862
Jessica,421
Bob,268
Mel,22
Jessica,451
Mary,453
Mary,980
Bob,827
Mary,434
Jessica,477
John,801
Mary,706
Mel,830
John,172
Mel,379
Bob,699
John,797
Jessica,135
Jessica,381
John,877
Bob,649
Mel,7
Bob,974
Mary,613
Mel,309
Mel,168
Bob,841
Jessica,907
Mel,178
Jessica,197
Jessica,54
Mel,359
Mel,776
Mary,269
Jessica,845
John,51
Jessica,130
Mary,16
Mel,605
John,547
Mary,835
John,997
Mary,328
Mel,463
Bob,992
Bob,479
Bob,524
Bob,285
John,403
Mary,541
John,467
Mary,953
Jessica,104
Mary,370
Bob,703
Mary,479
Mel,776
John,50
Jessica,336
Mary,252
Mary,796
Jessica,278
Bob,36
Jessica,384
Mary,868
John,522
Mel,851
Mel,903
John,53
Bob,40
Jessica,857
John,439
John,196
Mel,440
Bob,288
John,956
Bob,460
John,725
John,730
Jessica,840
Bob,928
Mel,403
Mary,923
Bob,982
Bob,50
Bob,468
Bob,267
Bob,444
Jessica,207
Jessica,945
Bob,882
Mel,838
Jessica,145
John,563
Mary,375
Jessica,156
Mary,236
Bob,404
Mel,193
Bob,689
Mary,105
Jessica,614
Mary,299
Bob,131
Bob,672
Bob,522
Mel,872
Jessica,370
Jessica,187
Mel,709
Mary,548
Jessica,146
Jessica,393
Bob,470
Bob,603
Mel,757
Bob,366
Mary,721
John,624
Bob,875
Mary,975
Bob,708
Mel,207
Bob,975
Mel,706
Mary,180
Mel,877
Bob,612
John,681
John,593
Mary,631
Mel,160
Mary,307
Mel,747
Mary,572
Mel,764
Bob,844
Jessica,826
Mary,409
Mary,316
Mary,967
John,661
Bob,923
Mary,967
Mary,88
Mary,395
Jessica,745
Mel,762
Mary,449
Jessica,956
Mary,118
John,224
Bob,948
Jessica,292
Bob,521
Jessica,338
Jessica,607
Bob,280
Mary,572
Mary,656
Mary,150
Jessica,248
Jessica,86
Mel,457
Bob,971
John,142
Bob,343
Bob,140
Mary,48
Mel,672
Jessica,541
Bob,680
Mary,276
Bob,98
Mel,392
Mary,737
Mary,287
Mel,825
Jessica,241
Mary,533
Jessica,591
John,233
Mary,726
Mary,914
John,300
Jessica,147
Bob,195
Mel,750
Mary,428
Jessica,909
Mary,785
Jessica,96
Mary,880
Jessica,358
Bob,690
Mary,339
Jessica,516
Mary,259
Jessica,896
Bob,912
Jessica,687
Bob,220
Mary,318
Jessica,739
Bob,284
Mary,897
John,717
Mary,451
Mel,895
Bob,259
John,676
Jessica,288
Mary,492
Mary,434
Mel,462
Jessica,297
Jessica,139
Mel,794
Mel,117
Bob,945
Mel,838
Bob,498
Mary,663
Bob,477
John,628
Bob,718
Mary,241
Mary,552
Mel,461
Mel,977
John,684
Mary,155
Mary,933
Mel,483
Mel,162
Mary,70
Bob,36
Bob,355
John,563
Bob,274
Jessica,210
Mel,128
Jessica,569
Bob,686
Jessica,828
Jessica,164
